<?xml version="1.0" encoding="UTF-8"?>
<project-private xmlns="http://www.netbeans.org/ns/project-private/1">
    <editor-bookmarks xmlns="http://www.netbeans.org/ns/editor-bookmarks/2" lastBookmarkId="0"/>
    <open-files xmlns="http://www.netbeans.org/ns/projectui-open-files/2">
        <group>
            <file>file:/E:/Studies/University/Summer_17/Hiwi_Refresher_Course/Refresher_Material_17_18/Java/Jav_day_3/Exercise_day_3/Exercise_2_mod/src/exercise_2/Exercise_2.java</file>
            <file>file:/E:/Studies/University/Summer_17/Hiwi_Refresher_Course/Refresher_Material_17_18/Java/Jav_day_3/Exercise_day_3/Exercise_2_mod/src/exercise_2/Student.java</file>
            <file>file:/E:/Studies/University/Summer_17/Hiwi_Refresher_Course/Refresher_Material_17_18/Java/Jav_day_3/Exercise_day_3/Exercise_2_mod/src/exercise_2/Employee.java</file>
            <file>file:/E:/Studies/University/Summer_17/Hiwi_Refresher_Course/Refresher_Material_17_18/Java/Jav_day_3/Exercise_day_3/Exercise_2_mod/src/exercise_2/Person.java</file>
            <file>file:/E:/Studies/University/Summer_17/Hiwi_Refresher_Course/Refresher_Material_17_18/Java/Jav_day_3/Exercise_day_3/Exercise_2_mod/src/exercise_2/Rockstar.java</file>
        </group>
    </open-files>
</project-private>
